Nom,Numéro,Série,Bloc,État,Version,Langue Carte,Prix Achat,Prix Actuel
Wailord ex,100/100,Tempete de Sable,Bloc Ex,Played,normal,fr,"0,00 €",91.61
Mega-ohmassacre ex,278/217,Heros Transcendants,Mega-Evolution,Mint,normal,fr,"0,00 €",33.8
Mega-brutalibre ex,283/217,Heros Transcendants,Mega-Evolution,Mint,normal,fr,"0,00 €",46.15
Elekable,GG08/GG70,Zenith Supreme,Epee et Bouclier,Mint,normal,fr,"0,00 €",9.64
Amphinobi et zoroark gx,201/214,Alliance Infaillible,Soleil et Lune,Mint,normal,fr,"0,00 €",221.02
Dracaufeu obscur,21/82,Team Rocket,Wizards,Poor,normal,fr,"0,00 €",43.38
Galeking,7/95,Team Magma Vs Team Aqua,Bloc Ex,Played,normal,fr,"0,00 €",9.98
Melancolux,017/086,Flamme Blanche,Ecarlate et Violet,Mint,reverse,fr,"0,00 €",0.16
Jirachi,11/95,L Appel des Legendes,Appel des Legendes,Very Good,reverse,fr,"0,00 €",26.1
Aligatueur,25/95,L Appel des Legendes,Appel des Legendes,Very Good,reverse,fr,"0,00 €",13.96
Typhlosion,35/95,L Appel des Legendes,Appel des Legendes,Very Good,reverse,fr,"0,00 €",12.44
Melodelfe,3/123,Heartgold Soulsilver,Heartgold Soulsilver,Good,normal,fr,"0,00 €",3.73
Gobou,59/109,Rubis et Saphir,Bloc Ex,Good,reverse,fr,"0,00 €",7.47
Zekrom de n,031,Promos Mega-Evolution,Promos,Mint,promos,fr,"0,00 €",18.77
Zorua de n,189,Promos Ecarlate et Violet,Promos,Mint,promos,fr,"0,00 €",10.68
Echange,206/165,151,Ecarlate et Violet,Mint,normal,fr,"0,00 €",5.58
Symbios,212,Promos Ecarlate et Violet,Promos,Mint,promos,fr,"0,00 €",1.73
Siderella,211,Promos Ecarlate et Violet,Promos,Mint,promos,fr,"0,00 €",1.95
Mega-absol ex,161/132,Mega-Evolution,Mega-Evolution,Mint,normal,fr,"0,00 €",8.75
Chamallot,223/217,Heros Transcendants,Mega-Evolution,Mint,normal,fr,"0,00 €",5.1
Echange,123/094,Flammes Fantasmagoriques,Mega-Evolution,Mint,normal,fr,"0,00 €",2.8
Tcheren,258/217,Heros Transcendants,Mega-Evolution,Mint,normal,fr,"0,00 €",2.44
Marill,232/217,Heros Transcendants,Mega-Evolution,Mint,normal,fr,"0,00 €",7.68
Mega-diancie ex,267/217,Heros Transcendants,Mega-Evolution,Mint,normal,fr,"0,00 €",7.15
Sorbebe,111/086,Flamme Blanche,Ecarlate et Violet,Mint,normal,fr,"0,00 €",8.8
Kyurem ex,157/086,Foudre Noire,Ecarlate et Violet,Mint,normal,fr,"0,00 €",2.65
Iguolta,229/217,Heros Transcendants,Mega-Evolution,Mint,normal,fr,"0,00 €",4.2
Triopikeur de la team rocket,239/217,Heros Transcendants,Mega-Evolution,Mint,normal,fr,"0,00 €",8.12
Givrali ex,026/131,Evolutions Prismatiques,Ecarlate et Violet,Mint,stamp,fr,"0,00 €",7.41
Mentali ex,034/131,Evolutions Prismatiques,Ecarlate et Violet,Mint,stamp,fr,"0,00 €",9.7
Zacian ex de nabil,111/159,Aventures Ensemble,Ecarlate et Violet,Mint,normal,fr,"0,00 €",1.09
Terraiste de paldea ex,094/159,Aventures Ensemble,Ecarlate et Violet,Mint,normal,fr,"0,00 €",1.6
Mega-scarhino ex,004/094,Flammes Fantasmagoriques,Mega-Evolution,Mint,normal,fr,"0,00 €",1.01
Genesect ex,067/086,Foudre Noire,Ecarlate et Violet,Mint,normal,fr,"0,00 €",0.73
Keldeo ex,030/086,Flamme Blanche,Ecarlate et Violet,Mint,normal,fr,"0,00 €",1.15
Mega-dracaufeu y,030,Promos Mega-Evolution,Promos,Mint,promos,fr,"0,00 €",3.52
Mega-dracaufeu y ex,022/217,Heros Transcendants,Mega-Evolution,Mint,normal,fr,"0,00 €",5.6
Mega-roitiflam ex,031/217,Heros Transcendants,Mega-Evolution,Mint,normal,fr,"0,00 €",1.99
Reshiram ex,020/086,Flamme Blanche,Ecarlate et Violet,Mint,normal,fr,"0,00 €",0.98
Kyurem ex,028/086,Foudre Noire,Ecarlate et Violet,Mint,normal,fr,"0,00 €",0.82
Deusolourdo ex d'okuba,164/217,Heros Transcendants,Mega-Evolution,Mint,normal,fr,"0,00 €",1.48
Noctali,22/95,L Appel des Legendes,Appel des Legendes,Excellent,reverse,fr,"0,00 €",69.99
Reshiram de n,167/159,Aventures Ensemble,Ecarlate et Violet,Mint,normal,fr,"25,00 €",38.92
Fantyrm,071/131,Evolutions Prismatiques,Ecarlate et Violet,Mint,masterball,fr,"0,00 €",5.2
Victini,012/086,Foudre Noire,Ecarlate et Violet,Mint,reverse,fr,"0,00 €",0.5
Mateloutre,022/086,Flamme Blanche,Ecarlate et Violet,Mint,pokeball,fr,"0,00 €",0.9
Hexagel,027/086,Foudre Noire,Ecarlate et Violet,Mint,pokeball,fr,"0,00 €",0.62
Shaofouine,053/086,Flamme Blanche,Ecarlate et Violet,Mint,pokeball,fr,"0,00 €",1.15
Roigada,32/95,L Appel des Legendes,Appel des Legendes,Excellent,reverse,fr,"0,00 €",19.27
Dracaufeu ex,234/091,Destinees de Paldea,Ecarlate et Violet,Mint,normal,fr,"0,00 €",341.36
Evoli,56/95,L Appel des Legendes,Appel des Legendes,Very Good,reverse,fr,"0,00 €",15.71
Donphan,42/95,L Appel des Legendes,Appel des Legendes,Excellent,reverse,fr,"0,00 €",5.3
Energy,92/95,L Appel des Legendes,Appel des Legendes,Excellent,reverse,fr,"0,00 €",75.45
Maganon,16/95,L Appel des Legendes,Appel des Legendes,Excellent,normal,fr,"0,00 €",9.32
Feunard,17/95,L Appel des Legendes,Appel des Legendes,Excellent,normal,fr,"0,00 €",16.33
Rayquaza,22/107,Deoxys,Bloc Ex,Excellent,normal,fr,"0,00 €",58.2
Leviator,7/95,L Appel des Legendes,Appel des Legendes,Good,reverse,fr,"0,00 €",25.86
Darumacho,014/086,Foudre Noire,Ecarlate et Violet,Mint,masterball,fr,"0,00 €",6.25
Energy,95/95,L Appel des Legendes,Appel des Legendes,Good,reverse,fr,"0,00 €",21.8
Energy,89/95,L Appel des Legendes,Appel des Legendes,Very Good,reverse,fr,"0,00 €",46.51
Energy,89/95,L Appel des Legendes,Appel des Legendes,Played,reverse,fr,"0,00 €",18.76
Demeteros,BW43,Promos Black Star Noir et Blanc,Promos,Played,promos,fr,"0,00 €",2.61
Shaymin,8/95,Dechainement,Heartgold Soulsilver,Played,reverse,fr,"0,00 €",1.86
Voltali,45/95,L Appel des Legendes,Appel des Legendes,Good,reverse,fr,"0,00 €",6.57
Batracne,104/086,Foudre Noire,Ecarlate et Violet,Mint,normal,fr,"0,00 €",10.0
Mega-dracaufeu x ex,013/094,Flammes Fantasmagoriques,Mega-Evolution,Mint,normal,fr,"0,00 €",3.05
Bulbizarre,143/142,Couronne Stellaire,Ecarlate et Violet,Mint,normal,fr,"0,00 €",68.55
Kangourex,204/182,Rivalites Destinees,Ecarlate et Violet,Mint,normal,fr,"0,00 €",10.95
Garde-de-fer ex,261/182,Faille Paradoxe,Ecarlate et Violet,Mint,normal,fr,"0,00 €",11.57
Tiplouf,098/094,Flammes Fantasmagoriques,Mega-Evolution,Mint,normal,fr,"0,00 €",12.9
Pingoleon ex,114/094,Flammes Fantasmagoriques,Mega-Evolution,Mint,normal,fr,"0,00 €",4.32
Obalie,199/191,Etincelles Deferlantes,Ecarlate et Violet,Mint,normal,fr,"0,00 €",5.71
Cormier,187/189,Astres Radieux,Epee et Bouclier,Mint,normal,fr,"0,00 €",4.69
Grahyena,TG09/TG30,Astres Radieux,Epee et Bouclier,Mint,normal,fr,"0,00 €",3.65
Roserade,TG02/TG30,Origine Perdue,Epee et Bouclier,Mint,normal,fr,"0,00 €",2.82
Herbizarre,167/165,151,Ecarlate et Violet,Mint,normal,fr,"0,00 €",67.58
Wailord,162/159,Aventures Ensemble,Ecarlate et Violet,Mint,normal,fr,"32,00 €",12.32
Energy,90/95,L Appel des Legendes,Appel des Legendes,Very Good,reverse,fr,"0,00 €",59.62
Energy,95/95,L Appel des Legendes,Appel des Legendes,Mint,reverse,fr,"0,00 €",65.23
Energy,91/95,L Appel des Legendes,Appel des Legendes,Very Good,reverse,fr,"0,00 €",29.3
Roigada,32/95,L Appel des Legendes,Appel des Legendes,Mint,reverse,fr,"0,00 €",32.0
Energy,91/95,L Appel des Legendes,Appel des Legendes,Excellent,reverse,fr,"0,00 €",37.76
Lucario,14/95,L Appel des Legendes,Appel des Legendes,Very Good,reverse,fr,"0,00 €",9.02
Energy,93/95,L Appel des Legendes,Appel des Legendes,Good,reverse,fr,"0,00 €",9.94
Energy,89/95,L Appel des Legendes,Appel des Legendes,Very Good,reverse,fr,"0,00 €",46.51
Voltali,45/95,L Appel des Legendes,Appel des Legendes,Good,reverse,fr,"0,00 €",6.57
Palkia,19/95,L Appel des Legendes,Appel des Legendes,Good,reverse,fr,"0,00 €",6.28
Palkia,19/95,L Appel des Legendes,Appel des Legendes,Very Good,reverse,fr,"0,00 €",9.69
Energy,92/95,L Appel des Legendes,Appel des Legendes,Good,reverse,fr,"0,00 €",42.94
Energy,93/95,L Appel des Legendes,Appel des Legendes,Played,reverse,fr,"0,00 €",6.63
Energy,93/95,L Appel des Legendes,Appel des Legendes,Good,reverse,fr,"0,00 €",9.94
Jirachi,7/111,Rivaux Emergeants,Platine,Played,reverse,fr,"0,00 €",1.84
Elekid,21/102,Triomphe,Heartgold Soulsilver,Excellent,reverse,fr,"0,00 €",7.64
Tygnon,57/95,L Appel des Legendes,Appel des Legendes,Good,reverse,fr,"0,00 €",5.09
Pharamp,23/95,L Appel des Legendes,Appel des Legendes,Good,reverse,fr,"0,00 €",6.86
Phogleur,31/95,Team Magma Vs Team Aqua,Bloc Ex,Excellent,reverse,fr,"0,00 €",9.02
Balbuto,61/95,Team Magma Vs Team Aqua,Bloc Ex,Excellent,reverse,fr,"0,00 €",10.72
Elecsprint,29/95,Team Magma Vs Team Aqua,Bloc Ex,Excellent,reverse,fr,"0,00 €",15.7
Grahyena,30/95,Team Magma Vs Team Aqua,Bloc Ex,Excellent,reverse,fr,"0,00 €",20.27
Mangriff,23/95,Team Magma Vs Team Aqua,Bloc Ex,Excellent,reverse,fr,"0,00 €",24.46
Rhinocorne,67/95,Team Magma Vs Team Aqua,Bloc Ex,Excellent,reverse,fr,"0,00 €",13.54
Orthese de survie,164/167,Mascarade Crepusculaire,Ecarlate et Violet,Mint,normal,fr,"0,00 €",0.9
Tampon injuste,165/167,Mascarade Crepusculaire,Ecarlate et Violet,Mint,normal,fr,"0,00 €",4.75
Poke Vital a,062/064,Fable Nebuleuse,Ecarlate et Violet,Mint,normal,fr,"0,00 €",1.55
Poke Vital a,062/064,Fable Nebuleuse,Ecarlate et Violet,Mint,normal,fr,"0,00 €",1.55
Zone de neutralisation,060/064,Fable Nebuleuse,Ecarlate et Violet,Mint,normal,fr,"0,00 €",1.37
Capsule de redemarrage,158/162,Forces Temporelles,Ecarlate et Violet,Mint,normal,fr,"0,00 €",1.61
Amulette de l'espoir,162/191,Etincelles Deferlantes,Ecarlate et Violet,Mint,normal,fr,"0,00 €",1.58
Detecteur de tresors,131/131,Evolutions Prismatiques,Ecarlate et Violet,Excellent,normal,fr,"0,00 €",0.63
Energie  de base,230/197,Flammes Obsidiennes,Ecarlate et Violet,Mint,normal,fr,"0,00 €",3.84
Melodelfe,1/95,L Appel des Legendes,Appel des Legendes,Good,reverse,fr,"0,00 €",7.34
Hericendre,55/95,L Appel des Legendes,Appel des Legendes,Excellent,reverse,fr,"0,00 €",8.9
Melofee,54/95,L Appel des Legendes,Appel des Legendes,Good,reverse,fr,"0,00 €",2.88
Nymphali ex,041/131,Evolutions Prismatiques,Ecarlate et Violet,Mint,normal,fr,"0,00 €",5.7
Aquali,022/131,Evolutions Prismatiques,Ecarlate et Violet,Mint,normal,fr,"0,00 €",0.48
Voltali,029/131,Evolutions Prismatiques,Ecarlate et Violet,Mint,normal,fr,"0,00 €",0.4
Pyroli,013/131,Evolutions Prismatiques,Ecarlate et Violet,Mint,normal,fr,"0,00 €",0.41
Triopikeau,122/091,Destinees de Paldea,Ecarlate et Violet,Mint,normal,fr,"0,00 €",3.8
Leopardus,91/149,Frontieres Franchies,Noir et Blanc,Excellent,normal,fr,"0,00 €",4.3
Crabaraque,85/149,Frontieres Franchies,Noir et Blanc,Excellent,normal,fr,"0,00 €",4.43
Zoroark,67/98,Pouvoirs Emergeants,Noir et Blanc,Excellent,normal,fr,"0,00 €",2.33
Demolosse,10/95,L Appel des Legendes,Appel des Legendes,Good,normal,fr,"0,00 €",16.19
Maganon,16/95,L Appel des Legendes,Appel des Legendes,Excellent,normal,fr,"0,00 €",9.32
Hypotrempe,50/101,Ile des Dragons,Bloc Ex,Excellent,reverse,fr,"0,00 €",14.73
Kaimorse,6/95,Team Magma Vs Team Aqua,Bloc Ex,Excellent,normal,fr,"0,00 €",20.96
Chartor,12/95,Team Magma Vs Team Aqua,Bloc Ex,Excellent,normal,fr,"0,00 €",34.52
Heledelle,40/101,Ile des Dragons,Bloc Ex,Excellent,reverse,fr,"0,00 €",24.84
Meganium,9/115,Forces Cachees,Bloc Ex,Excellent,normal,fr,"0,00 €",15.28
Nirondelle,86/113,Espece Delta,Bloc Ex,Good,reverse,fr,"0,00 €",9.87
Ponyta,76/112,Rouge Feu Vert Feuille,Bloc Ex,Excellent,reverse,fr,"0,00 €",24.03
Armulys,46/107,Deoxys,Bloc Ex,Excellent,reverse,fr,"0,00 €",47.72
Carvanha,56/107,Deoxys,Bloc Ex,Excellent,reverse,fr,"0,00 €",30.54
Spoink,76/107,Deoxys,Bloc Ex,Very Good,reverse,fr,"0,00 €",17.48
Feebas,61/101,Legendes Oubliees,Bloc Ex,Excellent,reverse,en,"0,00 €",17.4
Kaimorse,15/101,Legendes Oubliees,Bloc Ex,Very Good,normal,fr,"0,00 €",15.14
Draby,43/101,Ile des Dragons,Bloc Ex,Excellent,reverse,fr,"0,00 €",13.72
Barpau,49/101,Ile des Dragons,Bloc Ex,Excellent,reverse,fr,"0,00 €",13.86
Tylton,65/101,Ile des Dragons,Bloc Ex,Excellent,reverse,fr,"0,00 €",15.19
Irido,232/191,Etincelles Deferlantes,Ecarlate et Violet,Mint,normal,fr,"0,00 €",4.09
Amis de paldea,137/131,Evolutions Prismatiques,Ecarlate et Violet,Mint,normal,fr,"0,00 €",1.76
Colza,135/131,Evolutions Prismatiques,Ecarlate et Violet,Mint,normal,fr,"0,00 €",0.97
Erio,134/131,Evolutions Prismatiques,Ecarlate et Violet,Mint,normal,fr,"0,00 €",1.61
Pharamp,1/101,Ile des Dragons,Bloc Ex,Excellent,normal,fr,"0,00 €",27.62
Togekiss,057/189,Astres Radieux,Epee et Bouclier,Mint,normal,fr,"0,00 €",0.92
Colhomard,2/95,Team Magma Vs Team Aqua,Bloc Ex,Very Good,reverse,fr,"0,00 €",12.64
Feunard,19/124,Dragons Exaltes,Noir et Blanc,Excellent,normal,fr,"0,00 €",5.44
Clamiral,41/149,Frontieres Franchies,Noir et Blanc,Excellent,normal,fr,"0,00 €",1.36
Gigalithe,67/124,Dragons Exaltes,Noir et Blanc,Excellent,normal,fr,"0,00 €",1.64
Forgella,166/091,Destinees de Paldea,Ecarlate et Violet,Mint,normal,fr,"0,00 €",5.66
Rongrigou,206/091,Destinees de Paldea,Ecarlate et Violet,Mint,normal,fr,"0,00 €",4.12
Tauros de paldea,172/091,Destinees de Paldea,Ecarlate et Violet,Mint,normal,fr,"0,00 €",3.88
Kraknoix,68/101,Ile des Dragons,Bloc Ex,Excellent,reverse,fr,"0,00 €",14.84
Groudon,9/95,Team Magma Vs Team Aqua,Bloc Ex,Very Good,normal,fr,"0,00 €",15.62
Kyogre,3/95,Team Magma Vs Team Aqua,Bloc Ex,Excellent,normal,fr,"0,00 €",20.92
Drattak,19/97,Dragon,Bloc Ex,Good,normal,fr,"0,00 €",3.64
Libegon,15/97,Dragon,Bloc Ex,Excellent,normal,fr,"0,00 €",4.62
Lucario,31/147,Vainqueurs Supremes,Platine,Mint,normal,fr,"0,00 €",11.61
Deoxys,16/107,Deoxys,Bloc Ex,Very Good,normal,fr,"0,00 €",9.96
Kadabra,32/102,Set de Base,Wizards,Good,normal,fr,"0,00 €",2.03
Simiabraz,43/111,Rivaux Emergeants,Platine,Played,normal,fr,"0,00 €",0.62
Pikachu ex,057/191,Etincelles Deferlantes,Ecarlate et Violet,Mint,normal,fr,"0,00 €",4.02
Colhomard,13/97,Dragon,Bloc Ex,Good,reverse,fr,"0,00 €",24.82
Feurisson,49/95,L Appel des Legendes,Appel des Legendes,Good,reverse,fr,"0,00 €",3.13
Chenipotte,81/97,Dragon,Bloc Ex,Very Good,reverse,fr,"0,00 €",8.54
Feunard,17/95,L Appel des Legendes,Appel des Legendes,Good,reverse,fr,"0,00 €",12.6
Granbull,26/95,L Appel des Legendes,Appel des Legendes,Good,reverse,fr,"0,00 €",7.52
Medicham ex,161/142,Couronne Stellaire,Ecarlate et Violet,Mint,normal,en,"0,00 €",0.6
Farigiraf ex,194/162,Forces Temporelles,Ecarlate et Violet,Mint,normal,en,"0,00 €",1.0
Apireine,23/90,Indomptable,Heartgold Soulsilver,Excellent,reverse,fr,"0,00 €",13.2
Malosse,59/95,L Appel des Legendes,Appel des Legendes,Good,reverse,fr,"0,00 €",10.51
Debugant,36/95,L Appel des Legendes,Appel des Legendes,Excellent,reverse,fr,"0,00 €",11.52
Groudon,6/95,L Appel des Legendes,Appel des Legendes,Mint,reverse,fr,"0,00 €",36.41
Maganon,16/95,L Appel des Legendes,Appel des Legendes,Good,reverse,fr,"0,00 €",9.66
Massko,31/97,Dragon,Bloc Ex,Excellent,reverse,fr,"0,00 €",17.27
Lestombaile,219/198,Ecarlate et Violet,Ecarlate et Violet,Mint,normal,fr,"0,00 €",6.18
Energie metal,143/147,Aquapolis,Wizards,Played,reverse,fr,"0,00 €",10.82
Ecrapince,26/95,Team Magma Vs Team Aqua,Bloc Ex,Excellent,reverse,fr,"0,00 €",12.26
Donphan,42/95,L Appel des Legendes,Appel des Legendes,Good,reverse,fr,"0,00 €",2.62
Tygnon,57/95,L Appel des Legendes,Appel des Legendes,Good,reverse,fr,"0,00 €",5.09
Musteflott,16/95,Dechainement,Heartgold Soulsilver,Very Good,reverse,fr,"0,00 €",2.95
Crocrodil,41/95,L Appel des Legendes,Appel des Legendes,Very Good,reverse,fr,"0,00 €",6.14
Magireve,28/95,L Appel des Legendes,Appel des Legendes,Very Good,reverse,fr,"0,00 €",7.04
Carmache,48/123,Tresors Mysterieux,Diamant et Perle,Very Good,reverse,fr,"0,00 €",4.2
Riolu,50/95,L Appel des Legendes,Appel des Legendes,Very Good,reverse,fr,"0,00 €",4.36
Sorbouboul,29/116,Glaciation Plasma,Noir et Blanc,Excellent,reverse,fr,"0,00 €",0.7
Psykokwak,44/95,Team Magma Vs Team Aqua,Bloc Ex,Mint,reverse,fr,"0,00 €",43.81
Hypotrempe,58/97,Dragon,Bloc Ex,Good,reverse,fr,"0,00 €",7.45
Energy,106/106,Emeraude,Bloc Ex,Good,normal,fr,"0,00 €",2.54
Energy,102/106,Emeraude,Bloc Ex,Excellent,normal,fr,"0,00 €",7.46
Groudon,6/95,L Appel des Legendes,Appel des Legendes,Good,reverse,fr,"0,00 €",12.14
Donphan,7/147,Aquapolis,Wizards,Excellent,reverse,fr,"0,00 €",36.59
Aquali,52/95,L Appel des Legendes,Appel des Legendes,Excellent,reverse,fr,"0,00 €",17.14
Energy,105/106,Emeraude,Bloc Ex,Mint,normal,fr,"0,00 €",9.67
Energy,91/95,L Appel des Legendes,Appel des Legendes,Excellent,reverse,fr,"0,00 €",37.76
Point de distorsion,152/165,Expedition,Wizards,Excellent,normal,fr,"0,00 €",5.58
Evoli,75/147,Aquapolis,Wizards,Excellent,normal,fr,"0,00 €",29.18
Typhlosion,110/123,Heartgold Soulsilver,Heartgold Soulsilver,Mint,normal,fr,"25,00 €",57.6
Brasegali,1/106,Emeraude,Bloc Ex,Excellent,reverse,fr,"0,00 €",43.74
Pyroli,44/95,L Appel des Legendes,Appel des Legendes,Good,reverse,fr,"0,00 €",8.76
Pyroli,44/95,L Appel des Legendes,Appel des Legendes,Good,reverse,fr,"0,00 €",8.76
Felicanis,074/064,Fable Nebuleuse,Ecarlate et Violet,Mint,normal,fr,"0,00 €",9.35
Ogerpon masque turquoise ex,211/167,Mascarade Crepusculaire,Ecarlate et Violet,Mint,normal,fr,"0,00 €",20.2
Ampibidou,201/197,Flammes Obsidiennes,Ecarlate et Violet,Mint,normal,fr,"0,00 €",4.26
Charibari,076/064,Fable Nebuleuse,Ecarlate et Violet,Mint,normal,fr,"0,00 €",8.42
Art secret de jeannine,088/064,Fable Nebuleuse,Ecarlate et Violet,Mint,normal,fr,"0,00 €",3.58
Archeomire,170/162,Forces Temporelles,Ecarlate et Violet,Mint,normal,fr,"0,00 €",6.2
Roc-de-fer ex,192/162,Forces Temporelles,Ecarlate et Violet,Mint,normal,fr,"0,00 €",3.52
Ronflex,10/101,Ile des Dragons,Bloc Ex,Excellent,normal,fr,"0,00 €",41.44
Superdofin,225/091,Destinees de Paldea,Ecarlate et Violet,Mint,normal,fr,"0,00 €",1.47
Juge,228/091,Destinees de Paldea,Ecarlate et Violet,Mint,normal,fr,"0,00 €",1.1
Scovilain ex,216/191,Etincelles Deferlantes,Ecarlate et Violet,Mint,normal,fr,"0,00 €",2.06
Corboss V,161/172,Stars Etincelantes,Epee et Bouclier,Mint,normal,fr,"0,00 €",3.45
Bourrinos,175/162,Forces Temporelles,Ecarlate et Violet,Mint,normal,fr,"0,00 €",7.9
Nigirigon,186/167,Mascarade Crepusculaire,Ecarlate et Violet,Mint,normal,fr,"0,00 €",12.3
Demolosse,066/064,Fable Nebuleuse,Ecarlate et Violet,Mint,normal,fr,"27,00 €",29.54
Ectoplasma et mimiqui gx,53/181,Duo de Choc,Soleil et Lune,Mint,normal,fr,"0,00 €",163.72